{
    "Noise": {"param1":0.036,"param2":0.623232323317388,"param3":0.386,"param4":1,"param5":2.2577516976304746e-10,"param6":0.9789898989867366,"param7":1,"param8":2.2577516976304746e-10,"param9":0.9950505050497601},
    "Radio": {"param1":0.06999999999999999,"param2":0.9868686868716516,"param3":0.32,"param4":0.686,"param5":2.2577516976304746e-10,"param6":-1.5051677919777151e-10,"param7":0.045,"param8":0.0020202022455210788,"param9":-1.5051677919777151e-10},
    "Motor": {"param1":0.144,"param2":0.9373737373878769,"param3":0.225,"param4":0.742,"param5":0.7797979798476959,"param6":0.6269696969135496,"param7":0.155,"param8":0.803030303074774,"param9":-1.5051677919777151e-10},
    "Spooky": {"param1":0.34400000000000003,"param2":0.3959595960959733,"param3":0.867,"param4":0.08199999999999999,"param5":0.31717171732588284,"param6":0.5630303029645318,"param7":0.892,"param8":0.2363636365360465,"param9":0.00898989884073534}

}