{
    "Action": {"param1":0.426,"param2":0.036,"param3":0.14100000000000001,"param4":0.7777777959213218,"param5":0.7474747110831482,"param6":0.426},
    "Electric": {"param1":0.706,"param2":0.175,"param3":0.976,"param4":0.7777777959213218,"param5":0.050505272600838945,"param6":0.706},
    "Saw": {"param1":0.5690000000000001,"param2":0.876,"param3":0.228,"param4":0.8888889103782958,"param5":0.15151533614899987,"param6":0.5690000000000001},
    "Alarm": {"param1":0.403,"param2":0.339,"param3":0.666,"param4":-5.277494746094697e-9,"param5":0.7777777301475965,"param6":0.403}    

}